[
  {"model": "catalog.category", "pk": "aaaaaaaa-0001-0001-0001-000000000001", "fields": {"name": "Florestal", "slug": "florestal", "description": "Correntes, espadas, capacetes e acessórios para motosserras e equipamentos florestais", "parent": null, "order": 1, "is_active": true, "image": null}},
  {"model": "catalog.category", "pk": "aaaaaaaa-0001-0001-0001-000000000002", "fields": {"name": "Energia Solar", "slug": "energia-solar", "description": "Inversores, bombas solares, controladores e painéis fotovoltaicos", "parent": null, "order": 2, "is_active": true, "image": null}},
  {"model": "catalog.category", "pk": "aaaaaaaa-0001-0001-0001-000000000003", "fields": {"name": "Limpeza", "slug": "limpeza", "description": "Lavadoras de alta pressão, sopradoras e acessórios de limpeza", "parent": null, "order": 3, "is_active": true, "image": null}},
  {"model": "catalog.category", "pk": "aaaaaaaa-0001-0001-0001-000000000004", "fields": {"name": "EPIs", "slug": "epis", "description": "Equipamentos de Proteção Individual para uso florestal e industrial", "parent": null, "order": 4, "is_active": true, "image": null}},
  {"model": "catalog.category", "pk": "aaaaaaaa-0001-0001-0001-000000000005", "fields": {"name": "Ferramentas Manuais", "slug": "ferramentas-manuais", "description": "Chaves, alicates, limas e ferramentas manuais diversas", "parent": null, "order": 5, "is_active": true, "image": null}},

  {"model": "pricing.pricelist", "pk": "bbbbbbbb-0001-0001-0001-000000000001", "fields": {"name": "Consumidor Final", "description": "Tabela padrão para consumidor final", "global_discount_pct": "0.00", "valid_from": null, "valid_until": null, "is_active": true, "created_at": "2024-01-01T00:00:00Z"}},
  {"model": "pricing.pricelist", "pk": "bbbbbbbb-0001-0001-0001-000000000002", "fields": {"name": "Revendedor", "description": "Tabela especial para revendedores — 10% off base", "global_discount_pct": "10.00", "valid_from": null, "valid_until": null, "is_active": true, "created_at": "2024-01-01T00:00:00Z"}},
  {"model": "pricing.pricelist", "pk": "bbbbbbbb-0001-0001-0001-000000000003", "fields": {"name": "Distribuidor", "description": "Tabela exclusiva para distribuidores parceiros — 15% off base", "global_discount_pct": "15.00", "valid_from": null, "valid_until": null, "is_active": true, "created_at": "2024-01-01T00:00:00Z"}},

  {"model": "accounts.company", "pk": "cccccccc-0001-0001-0001-000000000001", "fields": {"cnpj": "12.345.678/0001-90", "razao_social": "Madeiras São Paulo Ltda", "nome_fantasia": "Madeiras SP", "tier": "distribuidor", "price_list": "bbbbbbbb-0001-0001-0001-000000000003", "email": "compras@madeirasp.com.br", "phone": "(11) 99876-5432", "cep": "01310-100", "street": "Av. Paulista", "number": "1000", "complement": "", "neighborhood": "Bela Vista", "city": "São Paulo", "state": "SP", "ie": "123.456.789.000", "is_mei": false, "credit_limit": "50000.00", "payment_terms": "net_30", "is_active": true, "created_at": "2024-01-15T10:00:00Z", "updated_at": "2024-01-15T10:00:00Z"}},
  {"model": "accounts.company", "pk": "cccccccc-0001-0001-0001-000000000002", "fields": {"cnpj": "98.765.432/0001-10", "razao_social": "Solar Nordeste Comércio e Serviços Ltda", "nome_fantasia": "Solar Nordeste", "tier": "revendedor", "price_list": "bbbbbbbb-0001-0001-0001-000000000002", "email": "solar@solarnordeste.com.br", "phone": "(81) 98765-1234", "cep": "50010-000", "street": "Rua do Bom Jesus", "number": "250", "complement": "Sala 5", "neighborhood": "Recife Antigo", "city": "Recife", "state": "PE", "ie": "987.654.321.000", "is_mei": false, "credit_limit": "20000.00", "payment_terms": "net_60", "is_active": true, "created_at": "2024-02-01T10:00:00Z", "updated_at": "2024-02-01T10:00:00Z"}},
  {"model": "accounts.company", "pk": "cccccccc-0001-0001-0001-000000000003", "fields": {"cnpj": "11.222.333/0001-44", "razao_social": "Agro Centro-Oeste Comércio SA", "nome_fantasia": "Agro CO", "tier": "consumidor", "price_list": "bbbbbbbb-0001-0001-0001-000000000001", "email": "agro@agrocentrooeste.com.br", "phone": "(62) 99988-7766", "cep": "74010-010", "street": "Av. Goiás", "number": "500", "complement": "", "neighborhood": "Centro", "city": "Goiânia", "state": "GO", "ie": "11.222.333-4", "is_mei": false, "credit_limit": "5000.00", "payment_terms": "immediate", "is_active": true, "created_at": "2024-02-15T10:00:00Z", "updated_at": "2024-02-15T10:00:00Z"}},

  {"model": "accounts.user", "pk": "dddddddd-0001-0001-0001-000000000002", "fields": {"email": "carlos@interbrasil.com.br", "full_name": "Carlos Silva", "role": "salesman", "company": null, "phone": "(61) 99999-0002", "is_active": true, "is_staff": false, "is_superuser": false, "created_at": "2024-01-01T00:00:00Z", "updated_at": "2024-01-01T00:00:00Z", "password": "!unusable"}},
  {"model": "accounts.user", "pk": "dddddddd-0001-0001-0001-000000000003", "fields": {"email": "ana@interbrasil.com.br", "full_name": "Ana Ferreira", "role": "salesman", "company": null, "phone": "(61) 99999-0003", "is_active": true, "is_staff": false, "is_superuser": false, "created_at": "2024-01-01T00:00:00Z", "updated_at": "2024-01-01T00:00:00Z", "password": "!unusable"}},
  {"model": "accounts.user", "pk": "dddddddd-0001-0001-0001-000000000004", "fields": {"email": "compras@madeirasp.com.br", "full_name": "João Madeira", "role": "client", "company": "cccccccc-0001-0001-0001-000000000001", "phone": "(11) 98765-4321", "is_active": true, "is_staff": false, "is_superuser": false, "created_at": "2024-01-15T10:00:00Z", "updated_at": "2024-01-15T10:00:00Z", "password": "!unusable"}},

  {"model": "pricing.promocode", "pk": "eeeeeeee-0001-0001-0001-000000000001", "fields": {"code": "INTER10", "description": "10% de desconto em todos os produtos", "discount_type": "percentage", "discount_value": "10.00", "min_order_value": "100.00", "max_uses": null, "uses_count": 0, "category": null, "valid_from": null, "valid_until": null, "is_active": true, "created_at": "2024-01-01T00:00:00Z"}},
  {"model": "pricing.promocode", "pk": "eeeeeeee-0001-0001-0001-000000000002", "fields": {"code": "SOLAR20", "description": "20% off em Energia Solar", "discount_type": "percentage", "discount_value": "20.00", "min_order_value": "500.00", "max_uses": 50, "uses_count": 0, "category": "aaaaaaaa-0001-0001-0001-000000000002", "valid_from": null, "valid_until": "2026-12-31T23:59:59Z", "is_active": true, "created_at": "2024-01-01T00:00:00Z"}},
  {"model": "pricing.promocode", "pk": "eeeeeeee-0001-0001-0001-000000000003", "fields": {"code": "FRETE0", "description": "Frete grátis para pedidos acima de R$500", "discount_type": "free_shipping", "discount_value": "0.00", "min_order_value": "500.00", "max_uses": 100, "uses_count": 0, "category": null, "valid_from": null, "valid_until": null, "is_active": true, "created_at": "2024-01-01T00:00:00Z"}},

  {"model": "catalog.product", "pk": "ffffffff-0001-0001-0001-000000000001", "fields": {"sku": "CAR-100R-A2EP", "name": "Caixa de corrente Carlton 100R 3/8\" 1.5mm", "slug": "car-100r-a2ep", "description": "Caixa de corrente Carlton modelo A2EP-100R. Passo 3/8\", bitola 1.5mm. 25 elos.", "category": "aaaaaaaa-0001-0001-0001-000000000001", "base_price": "249.90", "unit": "un", "ncm_code": "84314990", "cest_code": "", "stock_qty": 47, "min_stock_alert": 5, "weight_kg": "0.350", "image": null, "image_url": "https://www.interbrasil.com.br/wp-content/uploads/2021/07/14952_01-1024x1024.jpg", "is_active": true, "is_featured": true, "search_vector": null, "created_at": "2024-01-01T00:00:00Z", "updated_at": "2024-01-01T00:00:00Z"}},
  {"model": "catalog.product", "pk": "ffffffff-0001-0001-0001-000000000002", "fields": {"sku": "CAR-ESP-18-325", "name": "Espada Carlton 18\" passo .325\"", "slug": "car-esp-18-325", "description": "Espada Carlton 18 polegadas, passo .325\". Compatível com Stihl, Husqvarna, Echo.", "category": "aaaaaaaa-0001-0001-0001-000000000001", "base_price": "179.00", "unit": "un", "ncm_code": "84679110", "cest_code": "", "stock_qty": 63, "min_stock_alert": 10, "weight_kg": "0.600", "image": null, "image_url": "https://images.tcdn.com.br/img/img_prod/831534/espada_carlton_18.jpg", "is_active": true, "is_featured": true, "search_vector": null, "created_at": "2024-01-01T00:00:00Z", "updated_at": "2024-01-01T00:00:00Z"}},
  {"model": "catalog.product", "pk": "ffffffff-0001-0001-0001-000000000003", "fields": {"sku": "CAR-COR-325-72E", "name": "Corrente Carlton .325\" .058\" 72 elos", "slug": "car-cor-325-72e", "description": "Corrente Carlton passo .325\", bitola .058\" (1.5mm), 72 elos.", "category": "aaaaaaaa-0001-0001-0001-000000000001", "base_price": "89.90", "unit": "un", "ncm_code": "73151200", "cest_code": "", "stock_qty": 95, "min_stock_alert": 15, "weight_kg": "0.280", "image": null, "image_url": "https://images.tcdn.com.br/img/img_prod/831534/corrente_carlton_325.jpg", "is_active": true, "is_featured": false, "search_vector": null, "created_at": "2024-01-01T00:00:00Z", "updated_at": "2024-01-01T00:00:00Z"}},
  {"model": "catalog.product", "pk": "ffffffff-0001-0001-0001-000000000004", "fields": {"sku": "CAR-ESP-20-325", "name": "Espada Carlton 20\" passo .325\" 1.5mm", "slug": "car-esp-20-325", "description": "Espada Carlton 20 polegadas para motosserras de grande porte.", "category": "aaaaaaaa-0001-0001-0001-000000000001", "base_price": "219.00", "unit": "un", "ncm_code": "84679110", "cest_code": "", "stock_qty": 28, "min_stock_alert": 5, "weight_kg": "0.750", "image": null, "image_url": "https://images.tcdn.com.br/img/img_prod/831534/espada_carlton_20.jpg", "is_active": true, "is_featured": false, "search_vector": null, "created_at": "2024-01-01T00:00:00Z", "updated_at": "2024-01-01T00:00:00Z"}},
  {"model": "catalog.product", "pk": "ffffffff-0001-0001-0001-000000000005", "fields": {"sku": "CAR-KIT-MANUT", "name": "Kit manutenção motosierra Carlton c/ lima", "slug": "car-kit-manut", "description": "Kit completo: lima redonda, gabarito de afiação e óleo para corrente.", "category": "aaaaaaaa-0001-0001-0001-000000000001", "base_price": "49.90", "unit": "kit", "ncm_code": "82032000", "cest_code": "", "stock_qty": 110, "min_stock_alert": 20, "weight_kg": "0.400", "image": null, "image_url": "https://m.media-amazon.com/images/I/71LZlDm1x2L._AC_SL1500_.jpg", "is_active": true, "is_featured": false, "search_vector": null, "created_at": "2024-01-01T00:00:00Z", "updated_at": "2024-01-01T00:00:00Z"}},
  {"model": "catalog.product", "pk": "ffffffff-0001-0001-0001-000000000006", "fields": {"sku": "CAR-OLE-1L", "name": "Óleo lubrificante corrente Carlton 1L", "slug": "car-ole-1l", "description": "Óleo especial para lubrificação de correntes. Biodegradável. 1 litro.", "category": "aaaaaaaa-0001-0001-0001-000000000001", "base_price": "18.90", "unit": "un", "ncm_code": "27101999", "cest_code": "", "stock_qty": 210, "min_stock_alert": 30, "weight_kg": "1.050", "image": null, "image_url": "https://m.media-amazon.com/images/I/61r9CGNQALL._AC_SL1000_.jpg", "is_active": true, "is_featured": false, "search_vector": null, "created_at": "2024-01-01T00:00:00Z", "updated_at": "2024-01-01T00:00:00Z"}},
  {"model": "catalog.product", "pk": "ffffffff-0001-0001-0001-000000000007", "fields": {"sku": "CAR-LIMA-4MM", "name": "Lima redonda 4mm para corrente 3/8\"", "slug": "car-lima-4mm", "description": "Lima redonda 4mm para afiação de correntes passo 3/8\". Cabo ergonômico incluso.", "category": "aaaaaaaa-0001-0001-0001-000000000001", "base_price": "12.50", "unit": "un", "ncm_code": "82032000", "cest_code": "", "stock_qty": 342, "min_stock_alert": 50, "weight_kg": "0.080", "image": null, "image_url": "https://m.media-amazon.com/images/I/71M1K4tgExL._AC_SL1500_.jpg", "is_active": true, "is_featured": false, "search_vector": null, "created_at": "2024-01-01T00:00:00Z", "updated_at": "2024-01-01T00:00:00Z"}},
  {"model": "catalog.product", "pk": "ffffffff-0001-0001-0001-000000000008", "fields": {"sku": "CAR-ROLO-50P", "name": "Corrente Carlton 3/8\" .050\" rolo 50 pés", "slug": "car-rolo-50p", "description": "Corrente Carlton em rolo 50 pés. Passo 3/8\", bitola .050\". Ideal para lojistas.", "category": "aaaaaaaa-0001-0001-0001-000000000001", "base_price": "389.00", "unit": "rolo", "ncm_code": "73151200", "cest_code": "", "stock_qty": 31, "min_stock_alert": 5, "weight_kg": "2.800", "image": null, "image_url": "https://images.tcdn.com.br/img/img_prod/831534/corrente_rolo.jpg", "is_active": true, "is_featured": false, "search_vector": null, "created_at": "2024-01-01T00:00:00Z", "updated_at": "2024-01-01T00:00:00Z"}},
  {"model": "catalog.product", "pk": "ffffffff-0001-0001-0001-000000000009", "fields": {"sku": "CAR-GABI-AIF", "name": "Gabarito de afiação Carlton universal", "slug": "car-gabi-aif", "description": "Gabarito Carlton universal. Garante ângulo correto de 25–35°.", "category": "aaaaaaaa-0001-0001-0001-000000000001", "base_price": "28.00", "unit": "un", "ncm_code": "90314900", "cest_code": "", "stock_qty": 78, "min_stock_alert": 10, "weight_kg": "0.150", "image": null, "image_url": "https://m.media-amazon.com/images/I/61zKJEpkIdS._AC_SL1200_.jpg", "is_active": true, "is_featured": false, "search_vector": null, "created_at": "2024-01-01T00:00:00Z", "updated_at": "2024-01-01T00:00:00Z"}},
  {"model": "catalog.product", "pk": "ffffffff-0001-0001-0001-000000000010", "fields": {"sku": "CAR-CAP-FL-PROT", "name": "Capacete florestal c/ protetor facial e auricular", "slug": "car-cap-fl-prot", "description": "Capacete florestal completo com protetor facial em malha metálica e abafador auricular. CA.", "category": "aaaaaaaa-0001-0001-0001-000000000001", "base_price": "189.90", "unit": "un", "ncm_code": "65069900", "cest_code": "", "stock_qty": 72, "min_stock_alert": 10, "weight_kg": "0.680", "image": null, "image_url": "https://m.media-amazon.com/images/I/71BzV-G3C3L._AC_SL1500_.jpg", "is_active": true, "is_featured": true, "search_vector": null, "created_at": "2024-01-01T00:00:00Z", "updated_at": "2024-01-01T00:00:00Z"}},
  {"model": "catalog.product", "pk": "ffffffff-0001-0001-0001-000000000011", "fields": {"sku": "CAR-CAP-FL-SIMP", "name": "Capacete florestal sem protetor auricular", "slug": "car-cap-fl-simp", "description": "Capacete florestal com protetor facial metálico. Sem abafador. CA.", "category": "aaaaaaaa-0001-0001-0001-000000000001", "base_price": "149.90", "unit": "un", "ncm_code": "65069900", "cest_code": "", "stock_qty": 45, "min_stock_alert": 5, "weight_kg": "0.490", "image": null, "image_url": "https://m.media-amazon.com/images/I/61lNizj5DlL._AC_SL1000_.jpg", "is_active": true, "is_featured": false, "search_vector": null, "created_at": "2024-01-01T00:00:00Z", "updated_at": "2024-01-01T00:00:00Z"}},
  {"model": "catalog.product", "pk": "ffffffff-0001-0001-0001-000000000012", "fields": {"sku": "CAR-CANT-2L", "name": "Cantil bicompartimentado 2L motosierra", "slug": "car-cant-2l", "description": "Cantil 2L para combustível e óleo de motosierra. Resistente a impactos.", "category": "aaaaaaaa-0001-0001-0001-000000000001", "base_price": "39.90", "unit": "un", "ncm_code": "39231000", "cest_code": "", "stock_qty": 88, "min_stock_alert": 15, "weight_kg": "0.350", "image": null, "image_url": "https://m.media-amazon.com/images/I/71u0RIb1xYL._AC_SL1500_.jpg", "is_active": true, "is_featured": false, "search_vector": null, "created_at": "2024-01-01T00:00:00Z", "updated_at": "2024-01-01T00:00:00Z"}},
  {"model": "catalog.product", "pk": "ffffffff-0001-0001-0001-000000000013", "fields": {"sku": "CAR-POD-ALTA", "name": "Podão de alta resistência cabo 70cm", "slug": "car-pod-alta", "description": "Podão profissional para poda de galhos. Lâmina aço inox, cabo madeira 70cm.", "category": "aaaaaaaa-0001-0001-0001-000000000001", "base_price": "75.00", "unit": "un", "ncm_code": "82011000", "cest_code": "", "stock_qty": 38, "min_stock_alert": 5, "weight_kg": "0.820", "image": null, "image_url": "https://m.media-amazon.com/images/I/71QCh3W7GrL._AC_SL1500_.jpg", "is_active": true, "is_featured": false, "search_vector": null, "created_at": "2024-01-01T00:00:00Z", "updated_at": "2024-01-01T00:00:00Z"}},
  {"model": "catalog.product", "pk": "ffffffff-0001-0001-0001-000000000014", "fields": {"sku": "CAR-CALCA-FL-M", "name": "Calça florestal anticorte Classe 1 tamanho M", "slug": "car-calca-fl-m", "description": "Calça florestal com proteção anticorte Classe 1 (20m/s). Fibra aramida. Tamanho M.", "category": "aaaaaaaa-0001-0001-0001-000000000001", "base_price": "349.00", "unit": "un", "ncm_code": "62113300", "cest_code": "", "stock_qty": 22, "min_stock_alert": 3, "weight_kg": "1.200", "image": null, "image_url": "https://m.media-amazon.com/images/I/81-b3xjkR5L._AC_SL1500_.jpg", "is_active": true, "is_featured": false, "search_vector": null, "created_at": "2024-01-01T00:00:00Z", "updated_at": "2024-01-01T00:00:00Z"}},
  {"model": "catalog.product", "pk": "ffffffff-0001-0001-0001-000000000015", "fields": {"sku": "CAR-BOTA-FL-41", "name": "Bota florestal couro anticorte nr 41", "slug": "car-bota-fl-41", "description": "Bota florestal em couro com proteção anticorte e biqueira de aço. Nr 41. CA.", "category": "aaaaaaaa-0001-0001-0001-000000000001", "base_price": "289.00", "unit": "par", "ncm_code": "64041100", "cest_code": "", "stock_qty": 18, "min_stock_alert": 3, "weight_kg": "1.800", "image": null, "image_url": "https://m.media-amazon.com/images/I/71-8YwnRMoL._AC_SL1500_.jpg", "is_active": true, "is_featured": false, "search_vector": null, "created_at": "2024-01-01T00:00:00Z", "updated_at": "2024-01-01T00:00:00Z"}},

  {"model": "catalog.product", "pk": "ffffffff-0001-0001-0002-000000000001", "fields": {"sku": "INV-OFF-10KW", "name": "Inversor solar off-grid 10kW trifásico 380V", "slug": "inv-off-10kw", "description": "Inversor solar off-grid 10kW. Trifásico 380V. Eficiência 97%. WiFi/RS485.", "category": "aaaaaaaa-0001-0001-0001-000000000002", "base_price": "4750.00", "unit": "un", "ncm_code": "85044090", "cest_code": "", "stock_qty": 12, "min_stock_alert": 2, "weight_kg": "18.500", "image": null, "image_url": "https://www.interbrasil.com.br/wp-content/uploads/2021/10/24122_01-1024x1024.jpg", "is_active": true, "is_featured": true, "search_vector": null, "created_at": "2024-01-01T00:00:00Z", "updated_at": "2024-01-01T00:00:00Z"}},
  {"model": "catalog.product", "pk": "ffffffff-0001-0001-0002-000000000002", "fields": {"sku": "INV-OFF-220KW", "name": "Inversor solar off-grid 220kW 300CV 380V trifásico", "slug": "inv-off-220kw", "description": "Inversor solar off-grid 220kW / 300CV. Trifásico 380V. Para irrigação e agroindústria.", "category": "aaaaaaaa-0001-0001-0001-000000000002", "base_price": "18750.00", "unit": "un", "ncm_code": "85044090", "cest_code": "", "stock_qty": 8, "min_stock_alert": 1, "weight_kg": "125.000", "image": null, "image_url": "https://www.interbrasil.com.br/wp-content/uploads/2021/10/24122_01-1024x1024.jpg", "is_active": true, "is_featured": true, "search_vector": null, "created_at": "2024-01-01T00:00:00Z", "updated_at": "2024-01-01T00:00:00Z"}},
  {"model": "catalog.product", "pk": "ffffffff-0001-0001-0002-000000000003", "fields": {"sku": "BOM-SOL-2HP", "name": "Bomba solar submersa 2CV 60m", "slug": "bom-sol-2hp", "description": "Bomba solar submersa 2CV para poços até 60m. Controlador MPPT incluso.", "category": "aaaaaaaa-0001-0001-0001-000000000002", "base_price": "3450.00", "unit": "un", "ncm_code": "84137000", "cest_code": "", "stock_qty": 15, "min_stock_alert": 2, "weight_kg": "8.200", "image": null, "image_url": "https://m.media-amazon.com/images/I/51wJw7TWNXL._AC_SL1000_.jpg", "is_active": true, "is_featured": true, "search_vector": null, "created_at": "2024-01-01T00:00:00Z", "updated_at": "2024-01-01T00:00:00Z"}},
  {"model": "catalog.product", "pk": "ffffffff-0001-0001-0002-000000000004", "fields": {"sku": "BOM-SOL-1HP", "name": "Bomba solar submersa 1CV 40m", "slug": "bom-sol-1hp", "description": "Bomba solar submersa 1CV para poços até 40m. Para pequenas propriedades.", "category": "aaaaaaaa-0001-0001-0001-000000000002", "base_price": "1890.00", "unit": "un", "ncm_code": "84137000", "cest_code": "", "stock_qty": 24, "min_stock_alert": 3, "weight_kg": "5.100", "image": null, "image_url": "https://m.media-amazon.com/images/I/61N3D6WcxDL._AC_SL1500_.jpg", "is_active": true, "is_featured": false, "search_vector": null, "created_at": "2024-01-01T00:00:00Z", "updated_at": "2024-01-01T00:00:00Z"}},
  {"model": "catalog.product", "pk": "ffffffff-0001-0001-0002-000000000005", "fields": {"sku": "CTL-MPPT-40A", "name": "Controlador de carga MPPT 40A 12/24V", "slug": "ctl-mppt-40a", "description": "Controlador MPPT 40A. 12/24V automático. Display LCD.", "category": "aaaaaaaa-0001-0001-0001-000000000002", "base_price": "349.00", "unit": "un", "ncm_code": "85044090", "cest_code": "", "stock_qty": 55, "min_stock_alert": 10, "weight_kg": "0.850", "image": null, "image_url": "https://m.media-amazon.com/images/I/61W1MjcGe7L._AC_SL1000_.jpg", "is_active": true, "is_featured": false, "search_vector": null, "created_at": "2024-01-01T00:00:00Z", "updated_at": "2024-01-01T00:00:00Z"}},
  {"model": "catalog.product", "pk": "ffffffff-0001-0001-0002-000000000006", "fields": {"sku": "CTL-PWM-20A", "name": "Controlador de carga PWM 20A 12V", "slug": "ctl-pwm-20a", "description": "Controlador solar PWM 20A 12V. Para sistemas residenciais pequenos.", "category": "aaaaaaaa-0001-0001-0001-000000000002", "base_price": "89.00", "unit": "un", "ncm_code": "85044090", "cest_code": "", "stock_qty": 92, "min_stock_alert": 15, "weight_kg": "0.320", "image": null, "image_url": "https://m.media-amazon.com/images/I/71OvJcGMlRL._AC_SL1500_.jpg", "is_active": true, "is_featured": false, "search_vector": null, "created_at": "2024-01-01T00:00:00Z", "updated_at": "2024-01-01T00:00:00Z"}},
  {"model": "catalog.product", "pk": "ffffffff-0001-0001-0002-000000000007", "fields": {"sku": "CAB-SOL-6MM-10M", "name": "Cabo solar 6mm² 10m vermelho", "slug": "cab-sol-6mm-10m", "description": "Cabo solar 6mm² vermelho 10m. Certificado TÜV.", "category": "aaaaaaaa-0001-0001-0001-000000000002", "base_price": "64.90", "unit": "un", "ncm_code": "85446090", "cest_code": "", "stock_qty": 145, "min_stock_alert": 20, "weight_kg": "0.980", "image": null, "image_url": "https://m.media-amazon.com/images/I/61VkJQq9TlL._AC_SL1200_.jpg", "is_active": true, "is_featured": false, "search_vector": null, "created_at": "2024-01-01T00:00:00Z", "updated_at": "2024-01-01T00:00:00Z"}},
  {"model": "catalog.product", "pk": "ffffffff-0001-0001-0002-000000000008", "fields": {"sku": "CON-MC4-PAR", "name": "Conector MC4 par macho/fêmea", "slug": "con-mc4-par", "description": "Par de conectores MC4 para painéis solares. IP67.", "category": "aaaaaaaa-0001-0001-0001-000000000002", "base_price": "12.90", "unit": "par", "ncm_code": "85366990", "cest_code": "", "stock_qty": 380, "min_stock_alert": 50, "weight_kg": "0.040", "image": null, "image_url": "https://m.media-amazon.com/images/I/71PFqgpqn1L._AC_SL1200_.jpg", "is_active": true, "is_featured": false, "search_vector": null, "created_at": "2024-01-01T00:00:00Z", "updated_at": "2024-01-01T00:00:00Z"}},
  {"model": "catalog.product", "pk": "ffffffff-0001-0001-0002-000000000009", "fields": {"sku": "BAT-VRLA-150AH", "name": "Bateria estacionária VRLA 150Ah 12V", "slug": "bat-vrla-150ah", "description": "Bateria estacionária VRLA chumbo-ácido 150Ah 12V. Para sistemas off-grid.", "category": "aaaaaaaa-0001-0001-0001-000000000002", "base_price": "890.00", "unit": "un", "ncm_code": "85072000", "cest_code": "", "stock_qty": 18, "min_stock_alert": 2, "weight_kg": "42.000", "image": null, "image_url": "https://m.media-amazon.com/images/I/71CG2W-PdSL._AC_SL1500_.jpg", "is_active": true, "is_featured": false, "search_vector": null, "created_at": "2024-01-01T00:00:00Z", "updated_at": "2024-01-01T00:00:00Z"}},
  {"model": "catalog.product", "pk": "ffffffff-0001-0001-0002-000000000010", "fields": {"sku": "STR-ALU-4P", "name": "Estrutura alumínio 4 painéis telhado inclinado", "slug": "str-alu-4p", "description": "Estrutura alumínio anodizado para 4 painéis solares em telhados 15–45°.", "category": "aaaaaaaa-0001-0001-0001-000000000002", "base_price": "285.00", "unit": "un", "ncm_code": "76109000", "cest_code": "", "stock_qty": 33, "min_stock_alert": 5, "weight_kg": "6.800", "image": null, "image_url": "https://m.media-amazon.com/images/I/71zqGGJfLuL._AC_SL1500_.jpg", "is_active": true, "is_featured": false, "search_vector": null, "created_at": "2024-01-01T00:00:00Z", "updated_at": "2024-01-01T00:00:00Z"}},
  {"model": "catalog.product", "pk": "ffffffff-0001-0001-0002-000000000011", "fields": {"sku": "INV-GRID-5KW", "name": "Inversor solar on-grid 5kW monofásico 220V", "slug": "inv-grid-5kw", "description": "Inversor on-grid 5kW monofásico 220V. Monitoramento WiFi.", "category": "aaaaaaaa-0001-0001-0001-000000000002", "base_price": "2890.00", "unit": "un", "ncm_code": "85044090", "cest_code": "", "stock_qty": 9, "min_stock_alert": 2, "weight_kg": "12.500", "image": null, "image_url": "https://m.media-amazon.com/images/I/71cQKGdmZuL._AC_SL1500_.jpg", "is_active": true, "is_featured": false, "search_vector": null, "created_at": "2024-01-01T00:00:00Z", "updated_at": "2024-01-01T00:00:00Z"}},
  {"model": "catalog.product", "pk": "ffffffff-0001-0001-0002-000000000012", "fields": {"sku": "KIT-SOL-OFF-1KW", "name": "Kit solar off-grid completo 1kWp", "slug": "kit-sol-off-1kw", "description": "Kit solar off-grid completo 1kWp: 2 painéis + inversor + controlador + bateria + estrutura.", "category": "aaaaaaaa-0001-0001-0001-000000000002", "base_price": "5490.00", "unit": "kit", "ncm_code": "85044090", "cest_code": "", "stock_qty": 5, "min_stock_alert": 1, "weight_kg": "75.000", "image": null, "image_url": "https://m.media-amazon.com/images/I/71nk6KApVML._AC_SL1500_.jpg", "is_active": true, "is_featured": true, "search_vector": null, "created_at": "2024-01-01T00:00:00Z", "updated_at": "2024-01-01T00:00:00Z"}},

  {"model": "catalog.product", "pk": "ffffffff-0001-0001-0003-000000000001", "fields": {"sku": "LAV-HP-140BAR", "name": "Lavadora de alta pressão 140 bar 1800W", "slug": "lav-hp-140bar", "description": "Lavadora 140 bar, 1800W. Vazão 420L/h. Lança + mangueira 5m + bico rotativo.", "category": "aaaaaaaa-0001-0001-0001-000000000003", "base_price": "1299.00", "unit": "un", "ncm_code": "84242000", "cest_code": "", "stock_qty": 22, "min_stock_alert": 3, "weight_kg": "8.500", "image": null, "image_url": "https://m.media-amazon.com/images/I/71rPmHRZDXL._AC_SL1500_.jpg", "is_active": true, "is_featured": true, "search_vector": null, "created_at": "2024-01-01T00:00:00Z", "updated_at": "2024-01-01T00:00:00Z"}},
  {"model": "catalog.product", "pk": "ffffffff-0001-0001-0003-000000000002", "fields": {"sku": "LAV-HP-180BAR", "name": "Lavadora alta pressão profissional 180 bar 2200W", "slug": "lav-hp-180bar", "description": "Lavadora profissional 180 bar, 2200W. Motor de indução. Uso intensivo.", "category": "aaaaaaaa-0001-0001-0001-000000000003", "base_price": "2190.00", "unit": "un", "ncm_code": "84242000", "cest_code": "", "stock_qty": 11, "min_stock_alert": 2, "weight_kg": "14.800", "image": null, "image_url": "https://m.media-amazon.com/images/I/81U7dLMC3VL._AC_SL1500_.jpg", "is_active": true, "is_featured": false, "search_vector": null, "created_at": "2024-01-01T00:00:00Z", "updated_at": "2024-01-01T00:00:00Z"}},
  {"model": "catalog.product", "pk": "ffffffff-0001-0001-0003-000000000003", "fields": {"sku": "MAN-LAV-5M-200", "name": "Mangueira extensão lavadora 5m 200 bar", "slug": "man-lav-5m-200", "description": "Mangueira extensão para lavadora AP. 5 metros, 200 bar.", "category": "aaaaaaaa-0001-0001-0001-000000000003", "base_price": "89.90", "unit": "un", "ncm_code": "39173100", "cest_code": "", "stock_qty": 88, "min_stock_alert": 15, "weight_kg": "0.680", "image": null, "image_url": "https://m.media-amazon.com/images/I/71MlINMmNxL._AC_SL1500_.jpg", "is_active": true, "is_featured": false, "search_vector": null, "created_at": "2024-01-01T00:00:00Z", "updated_at": "2024-01-01T00:00:00Z"}},
  {"model": "catalog.product", "pk": "ffffffff-0001-0001-0003-000000000004", "fields": {"sku": "BICO-ROT-LAV", "name": "Bico rotativo turbo para lavadora encaixe rápido", "slug": "bico-rot-lav", "description": "Bico rotativo turbo para lavadoras AP. Encaixe rápido. +30% eficiência.", "category": "aaaaaaaa-0001-0001-0001-000000000003", "base_price": "49.90", "unit": "un", "ncm_code": "84249000", "cest_code": "", "stock_qty": 132, "min_stock_alert": 20, "weight_kg": "0.180", "image": null, "image_url": "https://m.media-amazon.com/images/I/71yZqEhTi1L._AC_SL1500_.jpg", "is_active": true, "is_featured": false, "search_vector": null, "created_at": "2024-01-01T00:00:00Z", "updated_at": "2024-01-01T00:00:00Z"}},
  {"model": "catalog.product", "pk": "ffffffff-0001-0001-0003-000000000005", "fields": {"sku": "SOP-GAS-52CC", "name": "Sopradora costal a gasolina 52cc", "slug": "sop-gas-52cc", "description": "Sopradora costal 52cc. Vazão máx 1.400m³/h. 75m/s.", "category": "aaaaaaaa-0001-0001-0001-000000000003", "base_price": "1490.00", "unit": "un", "ncm_code": "84241000", "cest_code": "", "stock_qty": 14, "min_stock_alert": 2, "weight_kg": "9.200", "image": null, "image_url": "https://m.media-amazon.com/images/I/71S5uQ2vywL._AC_SL1500_.jpg", "is_active": true, "is_featured": false, "search_vector": null, "created_at": "2024-01-01T00:00:00Z", "updated_at": "2024-01-01T00:00:00Z"}},
  {"model": "catalog.product", "pk": "ffffffff-0001-0001-0003-000000000006", "fields": {"sku": "DET-ALCAL-5L", "name": "Detergente alcalino concentrado para lavadora 5L", "slug": "det-alcal-5l", "description": "Detergente alcalino concentrado para lavadoras AP. Remove graxas. 5L.", "category": "aaaaaaaa-0001-0001-0001-000000000003", "base_price": "79.90", "unit": "un", "ncm_code": "34022090", "cest_code": "", "stock_qty": 67, "min_stock_alert": 10, "weight_kg": "5.200", "image": null, "image_url": "https://m.media-amazon.com/images/I/71Y8gSkz3BL._AC_SL1500_.jpg", "is_active": true, "is_featured": false, "search_vector": null, "created_at": "2024-01-01T00:00:00Z", "updated_at": "2024-01-01T00:00:00Z"}},
  {"model": "catalog.product", "pk": "ffffffff-0001-0001-0003-000000000007", "fields": {"sku": "FOAM-GUN-1L", "name": "Lança espuma para lavadora reservatório 1L", "slug": "foam-gun-1l", "description": "Lança de espuma 1L para lavadoras. Encaixe rápido universal.", "category": "aaaaaaaa-0001-0001-0001-000000000003", "base_price": "119.90", "unit": "un", "ncm_code": "84249000", "cest_code": "", "stock_qty": 58, "min_stock_alert": 8, "weight_kg": "0.420", "image": null, "image_url": "https://m.media-amazon.com/images/I/71RsGmHKjIL._AC_SL1500_.jpg", "is_active": true, "is_featured": false, "search_vector": null, "created_at": "2024-01-01T00:00:00Z", "updated_at": "2024-01-01T00:00:00Z"}},
  {"model": "catalog.product", "pk": "ffffffff-0001-0001-0003-000000000008", "fields": {"sku": "MAN-LAV-10M-200", "name": "Mangueira extensão lavadora 10m 200 bar", "slug": "man-lav-10m-200", "description": "Mangueira extensão para lavadora AP. 10 metros, 200 bar.", "category": "aaaaaaaa-0001-0001-0001-000000000003", "base_price": "159.90", "unit": "un", "ncm_code": "39173100", "cest_code": "", "stock_qty": 45, "min_stock_alert": 8, "weight_kg": "1.350", "image": null, "image_url": "https://m.media-amazon.com/images/I/71MlINMmNxL._AC_SL1500_.jpg", "is_active": true, "is_featured": false, "search_vector": null, "created_at": "2024-01-01T00:00:00Z", "updated_at": "2024-01-01T00:00:00Z"}},
  {"model": "catalog.product", "pk": "ffffffff-0001-0001-0003-000000000009", "fields": {"sku": "KIT-REP-BOMBA-LAV", "name": "Kit reparo bomba lavadora 140 bar universal", "slug": "kit-rep-bomba-lav", "description": "Kit reparo para bomba de lavadora 140 bar. Pistões, retentores, válvulas.", "category": "aaaaaaaa-0001-0001-0001-000000000003", "base_price": "129.00", "unit": "kit", "ncm_code": "84242900", "cest_code": "", "stock_qty": 42, "min_stock_alert": 8, "weight_kg": "0.350", "image": null, "image_url": "https://m.media-amazon.com/images/I/71m3KfkICyL._AC_SL1200_.jpg", "is_active": true, "is_featured": false, "search_vector": null, "created_at": "2024-01-01T00:00:00Z", "updated_at": "2024-01-01T00:00:00Z"}},
  {"model": "catalog.product", "pk": "ffffffff-0001-0001-0003-000000000010", "fields": {"sku": "VAR-EL-1400W", "name": "Vassoura elétrica industrial 1400W 35L", "slug": "var-el-1400w", "description": "Vassoura elétrica industrial 1400W, reservatório 35L.", "category": "aaaaaaaa-0001-0001-0001-000000000003", "base_price": "890.00", "unit": "un", "ncm_code": "85081100", "cest_code": "", "stock_qty": 7, "min_stock_alert": 1, "weight_kg": "7.800", "image": null, "image_url": "https://m.media-amazon.com/images/I/71VbzxhxEYL._AC_SL1500_.jpg", "is_active": true, "is_featured": false, "search_vector": null, "created_at": "2024-01-01T00:00:00Z", "updated_at": "2024-01-01T00:00:00Z"}},

  {"model": "catalog.product", "pk": "ffffffff-0001-0001-0004-000000000001", "fields": {"sku": "LUV-VQ-09-PAR", "name": "Luva vaqueta raspa c/ punho 9\" par", "slug": "luv-vq-09-par", "description": "Luva vaqueta raspa com punho 9\". CA 31.800.", "category": "aaaaaaaa-0001-0001-0001-000000000004", "base_price": "28.90", "unit": "par", "ncm_code": "39262000", "cest_code": "", "stock_qty": 340, "min_stock_alert": 50, "weight_kg": "0.180", "image": null, "image_url": "https://m.media-amazon.com/images/I/61b+AQNEZYL._AC_SL1200_.jpg", "is_active": true, "is_featured": false, "search_vector": null, "created_at": "2024-01-01T00:00:00Z", "updated_at": "2024-01-01T00:00:00Z"}},
  {"model": "catalog.product", "pk": "ffffffff-0001-0001-0004-000000000002", "fields": {"sku": "OCU-SEGUR-INCOLOR", "name": "Óculos de segurança incolor antiembaçante CA", "slug": "ocu-segur-incolor", "description": "Óculos de segurança incolor com tratamento antiembaçante e anti-risco. CA.", "category": "aaaaaaaa-0001-0001-0001-000000000004", "base_price": "9.90", "unit": "un", "ncm_code": "90049000", "cest_code": "", "stock_qty": 520, "min_stock_alert": 80, "weight_kg": "0.045", "image": null, "image_url": "https://m.media-amazon.com/images/I/619vD34OivL._AC_SL1200_.jpg", "is_active": true, "is_featured": false, "search_vector": null, "created_at": "2024-01-01T00:00:00Z", "updated_at": "2024-01-01T00:00:00Z"}},
  {"model": "catalog.product", "pk": "ffffffff-0001-0001-0004-000000000003", "fields": {"sku": "CAP-SEG-BRANCO", "name": "Capacete de segurança aba frontal branco CA", "slug": "cap-seg-branco", "description": "Capacete de segurança aba frontal, PEAD, branco. CA 31.469.", "category": "aaaaaaaa-0001-0001-0001-000000000004", "base_price": "24.90", "unit": "un", "ncm_code": "65069900", "cest_code": "", "stock_qty": 218, "min_stock_alert": 30, "weight_kg": "0.350", "image": null, "image_url": "https://m.media-amazon.com/images/I/61bCCcMCRbL._AC_SL1000_.jpg", "is_active": true, "is_featured": false, "search_vector": null, "created_at": "2024-01-01T00:00:00Z", "updated_at": "2024-01-01T00:00:00Z"}},
  {"model": "catalog.product", "pk": "ffffffff-0001-0001-0004-000000000004", "fields": {"sku": "PRO-AUD-FOAM-PAR", "name": "Protetor auricular plug espuma CA (par)", "slug": "pro-aud-foam-par", "description": "Protetor auricular tipo plug de espuma PU. NRRsf 15dB. CA.", "category": "aaaaaaaa-0001-0001-0001-000000000004", "base_price": "3.50", "unit": "par", "ncm_code": "39269090", "cest_code": "", "stock_qty": 890, "min_stock_alert": 100, "weight_kg": "0.015", "image": null, "image_url": "https://m.media-amazon.com/images/I/612bHtUzUwL._AC_SL1200_.jpg", "is_active": true, "is_featured": false, "search_vector": null, "created_at": "2024-01-01T00:00:00Z", "updated_at": "2024-01-01T00:00:00Z"}},
  {"model": "catalog.product", "pk": "ffffffff-0001-0001-0004-000000000005", "fields": {"sku": "MAS-PFF2-20UN", "name": "Máscara PFF2 sem válvula CA caixa 20un", "slug": "mas-pff2-20un", "description": "Máscara respiratória PFF2 sem válvula. CA. Caixa com 20 unidades.", "category": "aaaaaaaa-0001-0001-0001-000000000004", "base_price": "89.00", "unit": "caixa", "ncm_code": "63079010", "cest_code": "", "stock_qty": 95, "min_stock_alert": 10, "weight_kg": "0.280", "image": null, "image_url": "https://m.media-amazon.com/images/I/714Yh-tTMTL._AC_SL1500_.jpg", "is_active": true, "is_featured": false, "search_vector": null, "created_at": "2024-01-01T00:00:00Z", "updated_at": "2024-01-01T00:00:00Z"}},
  {"model": "catalog.product", "pk": "ffffffff-0001-0001-0004-000000000006", "fields": {"sku": "AVE-RASPA-SOLDA", "name": "Avental raspa para solda 60x100cm CA", "slug": "ave-raspa-solda", "description": "Avental couro raspa para soldador. 60x100cm. CA 27.924.", "category": "aaaaaaaa-0001-0001-0001-000000000004", "base_price": "45.90", "unit": "un", "ncm_code": "42042000", "cest_code": "", "stock_qty": 74, "min_stock_alert": 10, "weight_kg": "0.680", "image": null, "image_url": "https://m.media-amazon.com/images/I/71rj8ZDkZeL._AC_SL1200_.jpg", "is_active": true, "is_featured": false, "search_vector": null, "created_at": "2024-01-01T00:00:00Z", "updated_at": "2024-01-01T00:00:00Z"}},
  {"model": "catalog.product", "pk": "ffffffff-0001-0001-0004-000000000007", "fields": {"sku": "SAP-SEG-CA-40", "name": "Sapato de segurança couro nobuk bico aço CA Nr 40", "slug": "sap-seg-ca-40", "description": "Sapato de segurança couro nobuk, bico de aço, palmilha antifadiga. CA. Nr 40.", "category": "aaaaaaaa-0001-0001-0001-000000000004", "base_price": "129.90", "unit": "par", "ncm_code": "64041100", "cest_code": "", "stock_qty": 48, "min_stock_alert": 8, "weight_kg": "1.200", "image": null, "image_url": "https://m.media-amazon.com/images/I/71-8YwnRMoL._AC_SL1500_.jpg", "is_active": true, "is_featured": false, "search_vector": null, "created_at": "2024-01-01T00:00:00Z", "updated_at": "2024-01-01T00:00:00Z"}},
  {"model": "catalog.product", "pk": "ffffffff-0001-0001-0004-000000000008", "fields": {"sku": "COL-CERVICAL-CA", "name": "Colar cervical de segurança espuma CA", "slug": "col-cervical-ca", "description": "Colar cervical espuma para trabalhos em altura. CA 42.105.", "category": "aaaaaaaa-0001-0001-0001-000000000004", "base_price": "19.90", "unit": "un", "ncm_code": "39269090", "cest_code": "", "stock_qty": 156, "min_stock_alert": 20, "weight_kg": "0.080", "image": null, "image_url": "https://m.media-amazon.com/images/I/51k7OJ2KDIL._AC_SL1200_.jpg", "is_active": true, "is_featured": false, "search_vector": null, "created_at": "2024-01-01T00:00:00Z", "updated_at": "2024-01-01T00:00:00Z"}},

  {"model": "catalog.product", "pk": "ffffffff-0001-0001-0005-000000000001", "fields": {"sku": "ALI-UNIV-8POL", "name": "Alicate universal 8\" cabo isolado 1000V", "slug": "ali-univ-8pol", "description": "Alicate universal 8\" cabo isolado 1.000V. Aço cromo-vanádio. VDE.", "category": "aaaaaaaa-0001-0001-0001-000000000005", "base_price": "49.90", "unit": "un", "ncm_code": "82032000", "cest_code": "", "stock_qty": 145, "min_stock_alert": 20, "weight_kg": "0.280", "image": null, "image_url": "https://m.media-amazon.com/images/I/61Z5d1OVHQL._AC_SL1200_.jpg", "is_active": true, "is_featured": false, "search_vector": null, "created_at": "2024-01-01T00:00:00Z", "updated_at": "2024-01-01T00:00:00Z"}},
  {"model": "catalog.product", "pk": "ffffffff-0001-0001-0005-000000000002", "fields": {"sku": "CHV-FENDA-6X150", "name": "Chave de fenda 6x150mm cabo bi-material", "slug": "chv-fenda-6x150", "description": "Chave de fenda 6x150mm. Cabo bi-material ergonômico. Ponta endurecida.", "category": "aaaaaaaa-0001-0001-0001-000000000005", "base_price": "14.90", "unit": "un", "ncm_code": "82059000", "cest_code": "", "stock_qty": 280, "min_stock_alert": 40, "weight_kg": "0.120", "image": null, "image_url": "https://m.media-amazon.com/images/I/516pIfxNlDL._AC_SL1200_.jpg", "is_active": true, "is_featured": false, "search_vector": null, "created_at": "2024-01-01T00:00:00Z", "updated_at": "2024-01-01T00:00:00Z"}},
  {"model": "catalog.product", "pk": "ffffffff-0001-0001-0005-000000000003", "fields": {"sku": "CHV-PHIL-2X100", "name": "Chave Phillips #2x100mm cabo bi-material", "slug": "chv-phil-2x100", "description": "Chave Phillips #2x100mm. Cabo bi-material. Ponta magnética.", "category": "aaaaaaaa-0001-0001-0001-000000000005", "base_price": "14.90", "unit": "un", "ncm_code": "82059000", "cest_code": "", "stock_qty": 265, "min_stock_alert": 40, "weight_kg": "0.110", "image": null, "image_url": "https://m.media-amazon.com/images/I/51VNuMwFJ2L._AC_SL1200_.jpg", "is_active": true, "is_featured": false, "search_vector": null, "created_at": "2024-01-01T00:00:00Z", "updated_at": "2024-01-01T00:00:00Z"}},
  {"model": "catalog.product", "pk": "ffffffff-0001-0001-0005-000000000004", "fields": {"sku": "KIT-CHV-16PC", "name": "Jogo de chaves combinadas 16 peças 6–22mm", "slug": "kit-chv-16pc", "description": "Jogo chaves combinadas 16 peças 6–22mm. Aço cromo-vanádio. Estojo.", "category": "aaaaaaaa-0001-0001-0001-000000000005", "base_price": "189.90", "unit": "jogo", "ncm_code": "82043100", "cest_code": "", "stock_qty": 62, "min_stock_alert": 10, "weight_kg": "2.100", "image": null, "image_url": "https://m.media-amazon.com/images/I/71FJdoNpbXL._AC_SL1500_.jpg", "is_active": true, "is_featured": false, "search_vector": null, "created_at": "2024-01-01T00:00:00Z", "updated_at": "2024-01-01T00:00:00Z"}},
  {"model": "catalog.product", "pk": "ffffffff-0001-0001-0005-000000000005", "fields": {"sku": "MART-UNH-500G", "name": "Martelo de unha 500g cabo madeira", "slug": "mart-unh-500g", "description": "Martelo de unha 500g. Cabo eucalipto. Cabeça aço forjada.", "category": "aaaaaaaa-0001-0001-0001-000000000005", "base_price": "39.90", "unit": "un", "ncm_code": "82051000", "cest_code": "", "stock_qty": 118, "min_stock_alert": 15, "weight_kg": "0.720", "image": null, "image_url": "https://m.media-amazon.com/images/I/619MaFCnuLL._AC_SL1500_.jpg", "is_active": true, "is_featured": false, "search_vector": null, "created_at": "2024-01-01T00:00:00Z", "updated_at": "2024-01-01T00:00:00Z"}},

  {"model": "catalog.partcompatibility", "pk": "11111111-0001-0001-0001-000000000001", "fields": {"product": "ffffffff-0001-0001-0001-000000000001", "equipment_brand": "Stihl", "equipment_model": "MS 038", "year_from": 1995, "year_to": null, "notes": ""}},
  {"model": "catalog.partcompatibility", "pk": "11111111-0001-0001-0001-000000000002", "fields": {"product": "ffffffff-0001-0001-0001-000000000001", "equipment_brand": "Stihl", "equipment_model": "MS 250", "year_from": 2000, "year_to": null, "notes": ""}},
  {"model": "catalog.partcompatibility", "pk": "11111111-0001-0001-0001-000000000003", "fields": {"product": "ffffffff-0001-0001-0001-000000000001", "equipment_brand": "Husqvarna", "equipment_model": "135", "year_from": 2010, "year_to": null, "notes": ""}},
  {"model": "catalog.partcompatibility", "pk": "11111111-0001-0001-0001-000000000004", "fields": {"product": "ffffffff-0001-0001-0001-000000000002", "equipment_brand": "Stihl", "equipment_model": "MS 250", "year_from": 2000, "year_to": null, "notes": "Verificar passo antes de instalar"}},
  {"model": "catalog.partcompatibility", "pk": "11111111-0001-0001-0001-000000000005", "fields": {"product": "ffffffff-0001-0001-0001-000000000002", "equipment_brand": "Husqvarna", "equipment_model": "135", "year_from": 2010, "year_to": null, "notes": ""}},
  {"model": "catalog.partcompatibility", "pk": "11111111-0001-0001-0001-000000000006", "fields": {"product": "ffffffff-0001-0001-0001-000000000002", "equipment_brand": "Husqvarna", "equipment_model": "240", "year_from": 2011, "year_to": null, "notes": ""}},
  {"model": "catalog.partcompatibility", "pk": "11111111-0001-0001-0001-000000000007", "fields": {"product": "ffffffff-0001-0001-0001-000000000003", "equipment_brand": "Stihl", "equipment_model": "MS 180", "year_from": 1998, "year_to": null, "notes": ""}},
  {"model": "catalog.partcompatibility", "pk": "11111111-0001-0001-0001-000000000008", "fields": {"product": "ffffffff-0001-0001-0001-000000000003", "equipment_brand": "Husqvarna", "equipment_model": "135", "year_from": 2010, "year_to": null, "notes": ""}},
  {"model": "catalog.partcompatibility", "pk": "11111111-0001-0001-0002-000000000001", "fields": {"product": "ffffffff-0001-0001-0002-000000000003", "equipment_brand": "Lorentz", "equipment_model": "PS2-150", "year_from": 2015, "year_to": null, "notes": "Kit controlador incluso"}},
  {"model": "catalog.partcompatibility", "pk": "11111111-0001-0001-0002-000000000002", "fields": {"product": "ffffffff-0001-0001-0002-000000000003", "equipment_brand": "Schneider", "equipment_model": "SB-30 Solar", "year_from": 2018, "year_to": null, "notes": ""}}
]
